-- MySQL Script generated by MySQL Workbench
-- Thu Sep 29 21:13:57 2022
-- Model: New Model    Version: 1.0
-- MySQL Workbench Forward Engineering

SET @OLD_UNIQUE_CHECKS=@@UNIQUE_CHECKS, UNIQUE_CHECKS=0;
SET @OLD_FOREIGN_KEY_CHECKS=@@FOREIGN_KEY_CHECKS, FOREIGN_KEY_CHECKS=0;
SET @OLD_SQL_MODE=@@SQL_MODE, SQL_MODE='ONLY_FULL_GROUP_BY,STRICT_TRANS_TABLES,NO_ZERO_IN_DATE,NO_ZERO_DATE,ERROR_FOR_DIVISION_BY_ZERO,NO_ENGINE_SUBSTITUTION';

-- -----------------------------------------------------
-- Schema mydb
-- -----------------------------------------------------
-- -----------------------------------------------------
-- Schema teliuk
-- -----------------------------------------------------

-- -----------------------------------------------------
-- Schema teliuk
-- -----------------------------------------------------
CREATE SCHEMA IF NOT EXISTS `teliuk` DEFAULT CHARACTER SET utf8mb4 COLLATE utf8mb4_0900_ai_ci ;
USE `teliuk` ;

-- -----------------------------------------------------
-- Table `teliuk`.`director`
-- -----------------------------------------------------
CREATE TABLE IF NOT EXISTS `teliuk`.`director` (
  `id` INT NOT NULL,
  `first_name` VARCHAR(25) NOT NULL,
  `last_name` VARCHAR(25) NOT NULL,
  `gender` VARCHAR(20) NULL DEFAULT NULL,
  `birthdate` DATE NOT NULL,
  PRIMARY KEY (`id`))
ENGINE = InnoDB
DEFAULT CHARACTER SET = utf8mb4
COLLATE = utf8mb4_0900_ai_ci;


-- -----------------------------------------------------
-- Table `teliuk`.`genre`
-- -----------------------------------------------------
CREATE TABLE IF NOT EXISTS `teliuk`.`genre` (
  `id` INT NOT NULL,
  `type` VARCHAR(20) NOT NULL,
  PRIMARY KEY (`id`))
ENGINE = InnoDB
DEFAULT CHARACTER SET = utf8mb4
COLLATE = utf8mb4_0900_ai_ci;


-- -----------------------------------------------------
-- Table `teliuk`.`ranking`
-- -----------------------------------------------------
CREATE TABLE IF NOT EXISTS `teliuk`.`ranking` (
  `id` INT NOT NULL,
  `rating` INT NULL DEFAULT NULL,
  `number_of_user_rates` INT NULL DEFAULT NULL,
  `metascore` INT NULL DEFAULT NULL,
  `number_of_critic_rates` INT NULL DEFAULT NULL,
  PRIMARY KEY (`id`))
ENGINE = InnoDB
DEFAULT CHARACTER SET = utf8mb4
COLLATE = utf8mb4_0900_ai_ci;


-- -----------------------------------------------------
-- Table `teliuk`.`movie`
-- -----------------------------------------------------
CREATE TABLE IF NOT EXISTS `teliuk`.`movie` (
  `id` INT NOT NULL,
  `genre_id` INT NOT NULL,
  `ranking_id` INT NOT NULL,
  `directors_id` INT NOT NULL,
  `name` VARCHAR(100) NOT NULL,
  `description` VARCHAR(300) NOT NULL,
  `budget` INT NOT NULL,
  `year` INT NOT NULL,
  `facts` VARCHAR(500) NOT NULL,
  PRIMARY KEY (`id`),
  INDEX `movie_directors` (`directors_id` ASC) VISIBLE,
  INDEX `movie_genre` (`genre_id` ASC) VISIBLE,
  INDEX `movie_ranking` (`ranking_id` ASC) VISIBLE,
  CONSTRAINT `movie_directors`
    FOREIGN KEY (`directors_id`)
    REFERENCES `teliuk`.`director` (`id`),
  CONSTRAINT `movie_genre`
    FOREIGN KEY (`genre_id`)
    REFERENCES `teliuk`.`genre` (`id`),
  CONSTRAINT `movie_ranking`
    FOREIGN KEY (`ranking_id`)
    REFERENCES `teliuk`.`ranking` (`id`))
ENGINE = InnoDB
DEFAULT CHARACTER SET = utf8mb4
COLLATE = utf8mb4_0900_ai_ci;


-- -----------------------------------------------------
-- Table `teliuk`.`role`
-- -----------------------------------------------------
CREATE TABLE IF NOT EXISTS `teliuk`.`role` (
  `id` INT NOT NULL,
  `movie_id` INT NOT NULL,
  `role` VARCHAR(50) NOT NULL,
  PRIMARY KEY (`id`),
  INDEX `roles_movie` (`movie_id` ASC) VISIBLE,
  CONSTRAINT `roles_movie`
    FOREIGN KEY (`movie_id`)
    REFERENCES `teliuk`.`movie` (`id`))
ENGINE = InnoDB
DEFAULT CHARACTER SET = utf8mb4
COLLATE = utf8mb4_0900_ai_ci;


-- -----------------------------------------------------
-- Table `teliuk`.`actor`
-- -----------------------------------------------------
CREATE TABLE IF NOT EXISTS `teliuk`.`actor` (
  `id` INT NOT NULL,
  `roles_id` INT NOT NULL,
  `first_name` VARCHAR(25) NOT NULL,
  `last_name` VARCHAR(25) NOT NULL,
  `gender` VARCHAR(20) NULL DEFAULT NULL,
  `birthdate` DATE NOT NULL,
  PRIMARY KEY (`id`),
  INDEX `actor_roles` (`roles_id` ASC) VISIBLE,
  CONSTRAINT `actor_roles`
    FOREIGN KEY (`roles_id`)
    REFERENCES `teliuk`.`role` (`id`))
ENGINE = InnoDB
DEFAULT CHARACTER SET = utf8mb4
COLLATE = utf8mb4_0900_ai_ci;


-- -----------------------------------------------------
-- Table `teliuk`.`award`
-- -----------------------------------------------------
CREATE TABLE IF NOT EXISTS `teliuk`.`award` (
  `id` INT NOT NULL,
  `movie_id` INT NOT NULL,
  `name` VARCHAR(30) NOT NULL,
  `year` INT NOT NULL,
  PRIMARY KEY (`id`),
  INDEX `award_movie` (`movie_id` ASC) VISIBLE,
  CONSTRAINT `award_movie`
    FOREIGN KEY (`movie_id`)
    REFERENCES `teliuk`.`movie` (`id`))
ENGINE = InnoDB
DEFAULT CHARACTER SET = utf8mb4
COLLATE = utf8mb4_0900_ai_ci;


-- -----------------------------------------------------
-- Table `teliuk`.`company`
-- -----------------------------------------------------
CREATE TABLE IF NOT EXISTS `teliuk`.`company` (
  `id` INT NOT NULL,
  `movie_id` INT NOT NULL,
  `name` VARCHAR(50) NOT NULL,
  PRIMARY KEY (`id`),
  INDEX `company_movie` (`movie_id` ASC) VISIBLE,
  CONSTRAINT `company_movie`
    FOREIGN KEY (`movie_id`)
    REFERENCES `teliuk`.`movie` (`id`))
ENGINE = InnoDB
DEFAULT CHARACTER SET = utf8mb4
COLLATE = utf8mb4_0900_ai_ci;


-- -----------------------------------------------------
-- Table `teliuk`.`critic_review`
-- -----------------------------------------------------
CREATE TABLE IF NOT EXISTS `teliuk`.`critic_review` (
  `id` INT NOT NULL,
  `ranking_id` INT NOT NULL,
  `first_name` VARCHAR(25) NOT NULL,
  `last_name` VARCHAR(25) NOT NULL,
  `rate` INT NOT NULL,
  `message` VARCHAR(500) NULL DEFAULT NULL,
  PRIMARY KEY (`id`),
  INDEX `critic_review_ranking` (`ranking_id` ASC) VISIBLE,
  CONSTRAINT `critic_review_ranking`
    FOREIGN KEY (`ranking_id`)
    REFERENCES `teliuk`.`ranking` (`id`))
ENGINE = InnoDB
DEFAULT CHARACTER SET = utf8mb4
COLLATE = utf8mb4_0900_ai_ci;


-- -----------------------------------------------------
-- Table `teliuk`.`nomination`
-- -----------------------------------------------------
CREATE TABLE IF NOT EXISTS `teliuk`.`nomination` (
  `id` INT NOT NULL,
  `award_id` INT NOT NULL,
  `type` VARCHAR(50) NOT NULL,
  PRIMARY KEY (`id`),
  INDEX `nomination_award` (`award_id` ASC) VISIBLE,
  CONSTRAINT `nomination_award`
    FOREIGN KEY (`award_id`)
    REFERENCES `teliuk`.`award` (`id`))
ENGINE = InnoDB
DEFAULT CHARACTER SET = utf8mb4
COLLATE = utf8mb4_0900_ai_ci;


-- -----------------------------------------------------
-- Table `teliuk`.`user_review`
-- -----------------------------------------------------
CREATE TABLE IF NOT EXISTS `teliuk`.`user_review` (
  `id` INT NOT NULL,
  `ranking_id` INT NOT NULL,
  `rate` INT NOT NULL,
  `message` VARCHAR(300) NULL DEFAULT NULL,
  `username` VARCHAR(20) NOT NULL,
  `posted_at` TIMESTAMP NOT NULL,
  PRIMARY KEY (`id`),
  INDEX `review_ranking` (`ranking_id` ASC) VISIBLE,
  CONSTRAINT `review_ranking`
    FOREIGN KEY (`ranking_id`)
    REFERENCES `teliuk`.`ranking` (`id`))
ENGINE = InnoDB
DEFAULT CHARACTER SET = utf8mb4
COLLATE = utf8mb4_0900_ai_ci;


SET SQL_MODE=@OLD_SQL_MODE;
SET FOREIGN_KEY_CHECKS=@OLD_FOREIGN_KEY_CHECKS;
SET UNIQUE_CHECKS=@OLD_UNIQUE_CHECKS;

-- -----------------------------------------------------
-- Data for table `teliuk`.`director`
-- -----------------------------------------------------
START TRANSACTION;
USE `teliuk`;
INSERT INTO `teliuk`.`director` (`id`, `first_name`, `last_name`, `gender`, `birthdate`) VALUES (1, 'George', 'Lucas', 'Male', '1944-05-14');
INSERT INTO `teliuk`.`director` (`id`, `first_name`, `last_name`, `gender`, `birthdate`) VALUES (2, 'Christopher', 'Nolan', 'Male', '1970-07-30');
INSERT INTO `teliuk`.`director` (`id`, `first_name`, `last_name`, `gender`, `birthdate`) VALUES (3, 'Stanley', 'Kubrick', 'Male', '1928-07-26');
INSERT INTO `teliuk`.`director` (`id`, `first_name`, `last_name`, `gender`, `birthdate`) VALUES (4, 'John', 'McTiernan', 'Male', '1951-01-08');
INSERT INTO `teliuk`.`director` (`id`, `first_name`, `last_name`, `gender`, `birthdate`) VALUES (5, 'Martin', 'Scorsese', 'Male', '1942-11-17');
INSERT INTO `teliuk`.`director` (`id`, `first_name`, `last_name`, `gender`, `birthdate`) VALUES (6, 'Ron', 'Howard', 'Male', '1954-03-01');
INSERT INTO `teliuk`.`director` (`id`, `first_name`, `last_name`, `gender`, `birthdate`) VALUES (7, 'James', 'Cameron', 'Male', '1954-08-16');
INSERT INTO `teliuk`.`director` (`id`, `first_name`, `last_name`, `gender`, `birthdate`) VALUES (8, 'Steven', 'Spielberg', 'Male', '1946-12-18');

COMMIT;


-- -----------------------------------------------------
-- Data for table `teliuk`.`genre`
-- -----------------------------------------------------
START TRANSACTION;
USE `teliuk`;
INSERT INTO `teliuk`.`genre` (`id`, `type`) VALUES (1, 'action');
INSERT INTO `teliuk`.`genre` (`id`, `type`) VALUES (2, 'biography');
INSERT INTO `teliuk`.`genre` (`id`, `type`) VALUES (3, 'comedy');
INSERT INTO `teliuk`.`genre` (`id`, `type`) VALUES (4, 'adventure');
INSERT INTO `teliuk`.`genre` (`id`, `type`) VALUES (5, 'thriller');
INSERT INTO `teliuk`.`genre` (`id`, `type`) VALUES (6, 'horror');
INSERT INTO `teliuk`.`genre` (`id`, `type`) VALUES (7, 'fantasy');

COMMIT;


-- -----------------------------------------------------
-- Data for table `teliuk`.`ranking`
-- -----------------------------------------------------
START TRANSACTION;
USE `teliuk`;
INSERT INTO `teliuk`.`ranking` (`id`, `rating`, `number_of_user_rates`, `metascore`, `number_of_critic_rates`) VALUES (1, 8, 1350936, 90, 475);
INSERT INTO `teliuk`.`ranking` (`id`, `rating`, `number_of_user_rates`, `metascore`, `number_of_critic_rates`) VALUES (2, 8, 958087, 85, 238);
INSERT INTO `teliuk`.`ranking` (`id`, `rating`, `number_of_user_rates`, `metascore`, `number_of_critic_rates`) VALUES (3, 9, 1788532, 74, 635);
INSERT INTO `teliuk`.`ranking` (`id`, `rating`, `number_of_user_rates`, `metascore`, `number_of_critic_rates`) VALUES (4, 7, 214442, 83, 411);
INSERT INTO `teliuk`.`ranking` (`id`, `rating`, `number_of_user_rates`, `metascore`, `number_of_critic_rates`) VALUES (5, 6, 1212445, 67, 543);
INSERT INTO `teliuk`.`ranking` (`id`, `rating`, `number_of_user_rates`, `metascore`, `number_of_critic_rates`) VALUES (6, 8, 1584934, 79, 234);
INSERT INTO `teliuk`.`ranking` (`id`, `rating`, `number_of_user_rates`, `metascore`, `number_of_critic_rates`) VALUES (7, 9, 653624, 86, 532);
INSERT INTO `teliuk`.`ranking` (`id`, `rating`, `number_of_user_rates`, `metascore`, `number_of_critic_rates`) VALUES (8, 5, 399213, 89, 425);
INSERT INTO `teliuk`.`ranking` (`id`, `rating`, `number_of_user_rates`, `metascore`, `number_of_critic_rates`) VALUES (9, 8, 904234, 76, 436);
INSERT INTO `teliuk`.`ranking` (`id`, `rating`, `number_of_user_rates`, `metascore`, `number_of_critic_rates`) VALUES (10, 9, 1438392, 68, 214);

COMMIT;


-- -----------------------------------------------------
-- Data for table `teliuk`.`movie`
-- -----------------------------------------------------
START TRANSACTION;
USE `teliuk`;
INSERT INTO `teliuk`.`movie` (`id`, `genre_id`, `ranking_id`, `directors_id`, `name`, `description`, `budget`, `year`, `facts`) VALUES (1, 7, 1, 1, 'Star Wars', 'Luke Skywalker joins forces with a Jedi Knight, a cocky pilot, a Wookiee and two droids to save the galaxy from the Empire\'s world-destroying battle station, while also attempting to rescue Princess Leia from the mysterious Darth Vader.', 11000000, 1977, 'When C-3PO and R2-D2 are in the control room of the Death Star, the storm troopers barge in, and one hits his head on the door. This goof was highlighted in the remastered version with a comedy \"donk\" sound effect.');
INSERT INTO `teliuk`.`movie` (`id`, `genre_id`, `ranking_id`, `directors_id`, `name`, `description`, `budget`, `year`, `facts`) VALUES (2, 4, 2, 8, 'Raiders of the Lost Ark', 'Archaeology professor Indiana Jones ventures to seize a biblical artefact known as the Ark of the Covenant. While doing so, he puts up a fight against Renee and a troop of Nazis.', 18000000, 1981, 'In the flying scenes, the map lists several countries by their modern names instead of their 1936 names. Siam did not become Thailand until 1939. Transjordan did not become Jordan until 1949.');
INSERT INTO `teliuk`.`movie` (`id`, `genre_id`, `ranking_id`, `directors_id`, `name`, `description`, `budget`, `year`, `facts`) VALUES (3, 4, 3, 2, 'Interstellar', 'A team of explorers travel through a wormhole in space in an attempt to ensure humanity\'s survival.', 165000000, 2014, 'Two characters sustain a fall from an ice plateau, on a steep ice ramp, onto a shadowy ice platform. A moment later, a panoramic shot shows them fighting on a very different place.');
INSERT INTO `teliuk`.`movie` (`id`, `genre_id`, `ranking_id`, `directors_id`, `name`, `description`, `budget`, `year`, `facts`) VALUES (4, 6, 4, 3, 'The Shining', 'A family heads to an isolated hotel for the winter where a sinister presence influences the father into violence, while his psychic son sees horrific forebodings from both past and future.', 19000000, 1980, 'When Wendy hits Jack over the head with the baseball bat on the staircase, the bat flexes, revealing it to be made of rubber.');
INSERT INTO `teliuk`.`movie` (`id`, `genre_id`, `ranking_id`, `directors_id`, `name`, `description`, `budget`, `year`, `facts`) VALUES (5, 5, 5, 4, 'Die Hard', 'An NYPD officer tries to save his wife and several others taken hostage by German terrorists during a Christmas party at the Nakatomi Plaza in Los Angeles.', 28000000, 1988, 'There is no ambulance in the truck when the terrorists first arrive, but Theo drives an ambulance out of the truck near the end of the movie (error acknowledged by filmmakers).');
INSERT INTO `teliuk`.`movie` (`id`, `genre_id`, `ranking_id`, `directors_id`, `name`, `description`, `budget`, `year`, `facts`) VALUES (6, 3, 6, 5, 'The Wolf of Wall Street', 'Based on the true story of Jordan Belfort, from his rise to a wealthy stock-broker living the high life to his fall involving crime, corruption and the federal government.', 100000000, 2013, 'During the Black Monday crash of 1987 all of the digital tickers in the background are green - which means the market is going up.');
INSERT INTO `teliuk`.`movie` (`id`, `genre_id`, `ranking_id`, `directors_id`, `name`, `description`, `budget`, `year`, `facts`) VALUES (7, 2, 7, 6, 'A Beautiful Mind', 'After John Nash, a brilliant but asocial mathematician, accepts secret work in cryptography, his life takes a turn for the nightmarish.', 58000000, 2001, 'There is no \"ceremony of the pens\" at Princeton University.');
INSERT INTO `teliuk`.`movie` (`id`, `genre_id`, `ranking_id`, `directors_id`, `name`, `description`, `budget`, `year`, `facts`) VALUES (8, 4, 8, 8, 'Jurassic Park', 'A pragmatic paleontologist touring an almost complete theme park on an island in Central America is tasked with protecting a couple of kids after a power failure causes the park\'s cloned dinosaurs to run loose.', 63000000, 1993, 'When they arrive at the T. rex cage right before the black out, we can clearly see the ground inside the cage is approximately flush with that outside the cage. But when the T. rex escapes and begins to terrorize the two trucks, the ground in the cage is shown to be at least 100 feet below where it was before.');
INSERT INTO `teliuk`.`movie` (`id`, `genre_id`, `ranking_id`, `directors_id`, `name`, `description`, `budget`, `year`, `facts`) VALUES (9, 1, 9, 7, 'The Terminator', 'A human soldier is sent from 2029 to 1984 to stop an almost indestructible cyborg killing machine, sent from the same year, which has been programmed to execute a young woman whose unborn son is the key to humanity\'s future salvation.', 6400000, 1984, 'Newton\'s Third Law establishes that bullets and shotgun blasts do not have the momentum to knock a human body backwards, although the trauma of being shot may cause them to fall backward.');
INSERT INTO `teliuk`.`movie` (`id`, `genre_id`, `ranking_id`, `directors_id`, `name`, `description`, `budget`, `year`, `facts`) VALUES (10, 2, 10, 6, 'Rush', 'The merciless 1970s rivalry between Formula One rivals James Hunt and Niki Lauda.', 38000000, 2013, 'Throughout the film Niki Lauda\'s nationality is shown in the stats abbreviated as AUS - this would be the international code for Australia. Austria\'s code is AUT.');

COMMIT;


-- -----------------------------------------------------
-- Data for table `teliuk`.`role`
-- -----------------------------------------------------
START TRANSACTION;
USE `teliuk`;
INSERT INTO `teliuk`.`role` (`id`, `movie_id`, `role`) VALUES (1, 1, 'Luke Skywalker');
INSERT INTO `teliuk`.`role` (`id`, `movie_id`, `role`) VALUES (2, 1, 'Han Solo');
INSERT INTO `teliuk`.`role` (`id`, `movie_id`, `role`) VALUES (3, 1, 'Darth Vader');
INSERT INTO `teliuk`.`role` (`id`, `movie_id`, `role`) VALUES (4, 3, 'Cooper');
INSERT INTO `teliuk`.`role` (`id`, `movie_id`, `role`) VALUES (5, 3, 'Brand');
INSERT INTO `teliuk`.`role` (`id`, `movie_id`, `role`) VALUES (6, 3, 'Murph');
INSERT INTO `teliuk`.`role` (`id`, `movie_id`, `role`) VALUES (7, 3, 'Donald');
INSERT INTO `teliuk`.`role` (`id`, `movie_id`, `role`) VALUES (8, 9, 'The Terminator');
INSERT INTO `teliuk`.`role` (`id`, `movie_id`, `role`) VALUES (9, 9, 'Sarah Connor');
INSERT INTO `teliuk`.`role` (`id`, `movie_id`, `role`) VALUES (10, 9, 'Kyle Reese');

COMMIT;


-- -----------------------------------------------------
-- Data for table `teliuk`.`actor`
-- -----------------------------------------------------
START TRANSACTION;
USE `teliuk`;
INSERT INTO `teliuk`.`actor` (`id`, `roles_id`, `first_name`, `last_name`, `gender`, `birthdate`) VALUES (1, 1, 'Mark', 'Hamill', 'Male', '1951-09-25');
INSERT INTO `teliuk`.`actor` (`id`, `roles_id`, `first_name`, `last_name`, `gender`, `birthdate`) VALUES (2, 2, 'Harrison', 'Ford', 'Male', '1942-07-13');
INSERT INTO `teliuk`.`actor` (`id`, `roles_id`, `first_name`, `last_name`, `gender`, `birthdate`) VALUES (3, 3, 'David', 'Prowse', 'Male', '1935-07-01');
INSERT INTO `teliuk`.`actor` (`id`, `roles_id`, `first_name`, `last_name`, `gender`, `birthdate`) VALUES (4, 4, 'Matthew', 'McConaughley', 'Male', '1969-11-04');
INSERT INTO `teliuk`.`actor` (`id`, `roles_id`, `first_name`, `last_name`, `gender`, `birthdate`) VALUES (5, 5, 'Anne', 'Hathaway', 'Female', '1982-11-12');
INSERT INTO `teliuk`.`actor` (`id`, `roles_id`, `first_name`, `last_name`, `gender`, `birthdate`) VALUES (6, 6, 'Jessica', 'Chastain', 'Female', '1977-03-24');
INSERT INTO `teliuk`.`actor` (`id`, `roles_id`, `first_name`, `last_name`, `gender`, `birthdate`) VALUES (7, 7, 'John', 'Lithgow', 'Male', '1945-10-19');
INSERT INTO `teliuk`.`actor` (`id`, `roles_id`, `first_name`, `last_name`, `gender`, `birthdate`) VALUES (8, 8, 'Arnold', 'Schwarznegger', 'Male', '1947-07-30');
INSERT INTO `teliuk`.`actor` (`id`, `roles_id`, `first_name`, `last_name`, `gender`, `birthdate`) VALUES (9, 9, 'Linda', 'Hamilton', 'Female', '1956-09-26');
INSERT INTO `teliuk`.`actor` (`id`, `roles_id`, `first_name`, `last_name`, `gender`, `birthdate`) VALUES (10, 10, 'Michael', 'Biehn', 'Male', '1956-07-31');

COMMIT;


-- -----------------------------------------------------
-- Data for table `teliuk`.`award`
-- -----------------------------------------------------
START TRANSACTION;
USE `teliuk`;
INSERT INTO `teliuk`.`award` (`id`, `movie_id`, `name`, `year`) VALUES (1, 4, 'Saturn Award', 2012);
INSERT INTO `teliuk`.`award` (`id`, `movie_id`, `name`, `year`) VALUES (2, 4, 'OFTA Film Hall of Fame', 2014);
INSERT INTO `teliuk`.`award` (`id`, `movie_id`, `name`, `year`) VALUES (3, 5, 'Blue Ribbon Award', 1990);
INSERT INTO `teliuk`.`award` (`id`, `movie_id`, `name`, `year`) VALUES (4, 3, 'Oscar', 2015);
INSERT INTO `teliuk`.`award` (`id`, `movie_id`, `name`, `year`) VALUES (5, 1, 'Oscar', 1978);

COMMIT;


-- -----------------------------------------------------
-- Data for table `teliuk`.`company`
-- -----------------------------------------------------
START TRANSACTION;
USE `teliuk`;
INSERT INTO `teliuk`.`company` (`id`, `movie_id`, `name`) VALUES (1, 1, 'Lucasfilm');
INSERT INTO `teliuk`.`company` (`id`, `movie_id`, `name`) VALUES (2, 2, 'Paramount Pictures');
INSERT INTO `teliuk`.`company` (`id`, `movie_id`, `name`) VALUES (3, 3, 'Paramount Pictures');
INSERT INTO `teliuk`.`company` (`id`, `movie_id`, `name`) VALUES (4, 4, 'Warner Bros.');
INSERT INTO `teliuk`.`company` (`id`, `movie_id`, `name`) VALUES (5, 5, 'Twentieth Century Fox');
INSERT INTO `teliuk`.`company` (`id`, `movie_id`, `name`) VALUES (6, 6, 'Red Granite Pictures');
INSERT INTO `teliuk`.`company` (`id`, `movie_id`, `name`) VALUES (7, 7, 'Universal Pictures');
INSERT INTO `teliuk`.`company` (`id`, `movie_id`, `name`) VALUES (8, 8, 'Universal Pictures');
INSERT INTO `teliuk`.`company` (`id`, `movie_id`, `name`) VALUES (9, 9, 'Cinema \'84');
INSERT INTO `teliuk`.`company` (`id`, `movie_id`, `name`) VALUES (10, 10, 'Exclusive Media Group');

COMMIT;


-- -----------------------------------------------------
-- Data for table `teliuk`.`critic_review`
-- -----------------------------------------------------
START TRANSACTION;
USE `teliuk`;
INSERT INTO `teliuk`.`critic_review` (`id`, `ranking_id`, `first_name`, `last_name`, `rate`, `message`) VALUES (1, 1, 'Jack', 'Herment', 87, 'Good');
INSERT INTO `teliuk`.`critic_review` (`id`, `ranking_id`, `first_name`, `last_name`, `rate`, `message`) VALUES (2, 1, 'George', 'Findel', 94, 'Awesome');
INSERT INTO `teliuk`.`critic_review` (`id`, `ranking_id`, `first_name`, `last_name`, `rate`, `message`) VALUES (3, 2, 'Rod', 'Pirten', 78, 'Incredible');
INSERT INTO `teliuk`.`critic_review` (`id`, `ranking_id`, `first_name`, `last_name`, `rate`, `message`) VALUES (4, 3, 'Henry', 'Ford', 32, 'Bad');
INSERT INTO `teliuk`.`critic_review` (`id`, `ranking_id`, `first_name`, `last_name`, `rate`, `message`) VALUES (5, 3, 'Tom', 'Jerry', 56, 'Common');

COMMIT;


-- -----------------------------------------------------
-- Data for table `teliuk`.`nomination`
-- -----------------------------------------------------
START TRANSACTION;
USE `teliuk`;
INSERT INTO `teliuk`.`nomination` (`id`, `award_id`, `type`) VALUES (1, 1, 'Best DVD Collection');
INSERT INTO `teliuk`.`nomination` (`id`, `award_id`, `type`) VALUES (2, 2, '	Motion Picture');
INSERT INTO `teliuk`.`nomination` (`id`, `award_id`, `type`) VALUES (3, 3, 'Best Foreign Language Film');
INSERT INTO `teliuk`.`nomination` (`id`, `award_id`, `type`) VALUES (4, 4, 'Best Achievement in Visual Effects');
INSERT INTO `teliuk`.`nomination` (`id`, `award_id`, `type`) VALUES (5, 5, 'Best Art Direction-Set Decoration');
INSERT INTO `teliuk`.`nomination` (`id`, `award_id`, `type`) VALUES (6, 5, 'Best Costume Design');
INSERT INTO `teliuk`.`nomination` (`id`, `award_id`, `type`) VALUES (7, 5, 'Best Sound');
INSERT INTO `teliuk`.`nomination` (`id`, `award_id`, `type`) VALUES (8, 5, 'Best Film Editing');
INSERT INTO `teliuk`.`nomination` (`id`, `award_id`, `type`) VALUES (9, 5, 'Best Effects, Visual Effects');
INSERT INTO `teliuk`.`nomination` (`id`, `award_id`, `type`) VALUES (10, 5, 'Best Music, Original Score');

COMMIT;


-- -----------------------------------------------------
-- Data for table `teliuk`.`user_review`
-- -----------------------------------------------------
START TRANSACTION;
USE `teliuk`;
INSERT INTO `teliuk`.`user_review` (`id`, `ranking_id`, `rate`, `message`, `username`, `posted_at`) VALUES (1, 1, 8, 'Great film', 'Yukee', '2018-12-25, 23:39:12');
INSERT INTO `teliuk`.`user_review` (`id`, `ranking_id`, `rate`, `message`, `username`, `posted_at`) VALUES (2, 1, 1, 'Boring film', 'IWANNAMAKEUCRY', '2022-09-18, 13:10:11');
INSERT INTO `teliuk`.`user_review` (`id`, `ranking_id`, `rate`, `message`, `username`, `posted_at`) VALUES (3, 2, 10, 'Awesome film', 'NoFaceBoy', '2017-03-23, 15:55:55');
INSERT INTO `teliuk`.`user_review` (`id`, `ranking_id`, `rate`, `message`, `username`, `posted_at`) VALUES (4, 3, 5, 'Average film', 'M1dwary', '2020-07-02, 12:07:04');

COMMIT;

